,address
0,"Lot R2 03-04. Golf Valley, Ward 2, Đà Lạt, Việt Nam"
1,"64 Phan Nhu Thach, ward 1, Đà Lạt, Việt Nam"
2,"46 Tran Khanh Du, Ward 8, Đà Lạt, Việt Nam"
3,"Đường Hà Huy Tập 55 49A Đường Hà Huy Tập, Đà Lạt, Việt Nam"
4,"104 Phù Đổng Thiên Vương, Phường 8, Đà Lạt, Việt Nam"
5,"83 Bui Thi Xuan, Ward 2, Đà Lạt, Việt Nam"
6,"36 To Hien Thanh , Đà Lạt, Việt Nam"
7,"44D Trần Khánh Dư, Phường 8, Đà Lạt, Việt Nam"
8,"5 - 7A Tran Phu, Đà Lạt, Việt Nam"
9,"74,76 Tô Hiệu Phường 7 Đà Lạt Việt Nam 5, Đà Lạt, Việt Nam"
10,"H8-H9 Nguyen Thi Nghia, KQH Cong Vien Van Hoa, Ward 02, Da Lat, Đà Lạt, Việt Nam"
11,"140 Đường Hai Bà Trưng, Phường 6, Đà Lạt, Việt Nam"
12,"Hẻm 3 /4 Đường Đoàn Thị Điểm Phường 4 Thành phố Đà Lạt, Đà Lạt, Việt Nam"
13,"279 Phan Đình Phùng, Đà Lạt, Việt Nam"
14,"23 Le Hong Phong, Ward 4, Đà Lạt, Việt Nam"
15,"Lô C7 Hùng Vương (C-3), Đà Lạt, Việt Nam"
16,"20 Nguyen Viet Xuan, Ward 4, Đà Lạt, Việt Nam"
17,"98 Đường Thông Thiên Học, Đà Lạt, Việt Nam"
18,"20 Nguyễn Chí Thanh Phường 1 Đà Lạt 20, Đà Lạt, Việt Nam"
19,"6B Dong Da Street, Ward 3, Đà Lạt, Việt Nam"
20,"C48-49 Khu Quy Hoạch Hoàng Văn Thụ, Ward 4, Đà Lạt, Việt Nam"
21,"14 Huynh Thuc Khang Street, Đà Lạt, Việt Nam"
22,"31 Thien My, Ward 4, Đà Lạt, Việt Nam"
23,"29 Đống Đa, phường 3, Đà Lạt, Việt Nam"
24,"42 Tô Hiến Thành, Phường 3, Đà Lạt, Việt Nam"
25,"1a Hoàng Hoa Thám, Đà Lạt, Việt Nam"
26,"113 Bùi Thị Xuân, Đà Lạt, Việt Nam"
27,"360 Phan Đình Phùng, Đà Lạt, Việt Nam"
28,"15A Đống Đa, Phường 3, Đà Lạt, Việt Nam"
29,"Zone 7.9, Tuyen Lam Lake Tourist Area, Ward 3, Tuyen Lam Lake, Đà Lạt, Việt Nam"
30,"239B Phan Dinh Phung, Ward 2, Đà Lạt, Việt Nam"
31,"91 Phan Bội Châu Phường 1, Đà Lạt, Việt Nam"
32,"03 Nguyen Du Street Ward 09, 670000 Đà Lạt, Việt Nam"
33,"23 Quang Trung, Đà Lạt, Việt Nam"
34,"23 Đường Trần Phú, Đà Lạt, Việt Nam"
35,"112 Đường Lý Tự Trọng Phường 1, Đà Lạt, Việt Nam"
36,"Lô 3- 15 Phan Như Thạch, phường 1, Đà Lạt, Việt Nam"
37,"42 Nguyen Chi Thanh, Ward 1, Đà Lạt, Việt Nam"
38,"107 Trieu Viet Vuong, Ward 3, Đà Lạt, Việt Nam"
39,"10 Bui Thi Xuan, Đà Lạt, Việt Nam"
40,"Le Lai Street, Ward 5, Đà Lạt, Việt Nam"
41,"406 Đường Hai Bà Trưng phường 6, Đà Lạt, Việt Nam"
42,"34/1 Hung Vuong, Ward 9, Đà Lạt, Việt Nam"
43,"02 Co Loa, Ward 2, Đà Lạt, Việt Nam"
44,"17 Le Hong Phong, Ward 4, Đà Lạt, Việt Nam"
45,"98/18 Nguyễn Trung Trực, Phường 3, Đà Lạt, Việt Nam"
46,"15 Tran Phu, Ward 3, Đà Lạt, Việt Nam"
47,"20/2 Phan Như Thạch, Đà Lạt, Việt Nam"
48,"11 Luong The Vinh Street, Ward 3, Đà Lạt, Việt Nam"
49,"5c Đường Nam Kỳ Khởi Nghĩa, Đà Lạt, Việt Nam"
50,"34 Ngo Thi Sy, Ward 4, Da Lat, Đà Lạt, Việt Nam"
51,"13/1 Khởi Nghĩa Bắc Sơn, Đà Lạt, Việt Nam"
52,"i13 kqh mạc đỉnh chi, phường 4, Tp Đà Lạt i13 KQH Mac dinh chi street, ward 4, Dalat City, Đà Lạt, Việt Nam"
53,"70B 3/2, Đà Lạt, Việt Nam"
54,"6 Đống Đa,, Đà Lạt, Việt Nam"
55,"Lo 12,13 KQH Pham Ngu Lao, Đà Lạt, Việt Nam"
56,"16 Trạng Trình Street, 09 Ward, Đà Lạt, Việt Nam"
57,"180 3/2 Street, Đà Lạt, Việt Nam"
58,"19 Phan Như Thạch, Đà Lạt, Việt Nam"
59,"02 Tran Phu, Ward 3, Đà Lạt, Việt Nam"
60,"50 Phan Nhu Thach, Đà Lạt, Việt Nam"
61,"29 Nguyen Cong Tru, Ward 8, Đà Lạt, Việt Nam"
62,"137 Phan Bội Châu, Phường 1, Thành phố Đà Lạt, Lâm Đồng, Đà Lạt, Việt Nam"
63,"24 Đường Khu Hoà Bình, Đà Lạt, Việt Nam"
64,"12B1 La Sơn Phu Tử, phường 2, Đà Lạt, Việt Nam"
65,"05 Pham Ngu Lao, Ward 1, Đà Lạt, Việt Nam"
66,"BL25 Yersin, Ward 9, Đà Lạt, Việt Nam"
67,"152 Bui Thi Xuan, Đà Lạt, Việt Nam"
68,"Tuyen Lam Lake, Zone VII.2, Đà Lạt, Việt Nam"
69,"04 Hải Thượng Phường 1, Đà Lạt, Đà Lạt, Việt Nam"
70,"197 Phan Đình Phùng, Đà Lạt, Việt Nam"
71,"Đường Nhà Chung 01 Bis, Đà Lạt, Việt Nam"
72,"H16-17 Nguyễn Thị Nghĩa, Phường 2, Da Lat, Vietnam , Đà Lạt, Việt Nam"
73,"58B Lê Thánh Tôn, Ward 6, Đà Lạt, Việt Nam"
74,"27 Nguyen Van Troi, Đà Lạt, Việt Nam"
75,"55/23 Tô Hiến Thành, Phường 3, Đà Lạt, Đà Lạt, Việt Nam"
76,"287 Phan Đình Phùng 287 Phan Đình Phùng - Đà Lạt, Đà Lạt, Việt Nam"
77,"41 Nam Ky Khoi Nghia, ward 1, Đà Lạt, Việt Nam"
78,"4 Nguyen Thi Minh Khai, Ward 1, Đà Lạt, Việt Nam"
79,"78 Nguyen Luong Bang, Ward 2, Đà Lạt, Việt Nam"
80,"Hẻm 22 Khe Sanh, phường 10, Dalat, Đà Lạt, Việt Nam"
81,"106A Mai Anh Dao Street, Ward 8, Đà Lạt, Việt Nam"
82,"25 Hải Thượng 25/10, Đà Lạt, Việt Nam"
83,"272 Đường Bùi Thị Xuân, Đà Lạt, Việt Nam"
84,"thửa 769 TBD số 1 thông thiên học hẻm 56 thông thiên học, Đà Lạt, Việt Nam"
85,"26A Dong Da Street, Ward 3, Đà Lạt, Việt Nam"
86,"33/15 Ho Tung Mau , Đà Lạt, Việt Nam"
87,"58-60 DUONG PHAM NGU LAO, PHUONG 3, THANH PHO DA LAT, Đà Lạt, Việt Nam"
88,"3A/8 Ba Trieu, Ward 4, Đà Lạt, Việt Nam"
89,"86 Đường Lý Tự Trọng, Đà Lạt, Việt Nam"
90,"5A - 5B - 5C Hoang Hoa Tham, Ward 7, Đà Lạt, Việt Nam"
91,"06 Tuong Pho, Ward 9, Đà Lạt, Việt Nam"
92,"164 Xô Viết Nghệ Tĩnh, Đà Lạt, Việt Nam"
93,"213A Phan Dinh Phung, Đà Lạt, Việt Nam"
94,"Lang Dao Nguyen - Tieu Khu 157, Đà Lạt, Việt Nam"
95,"14 - A5 Huyen Tran Cong Chua, Ward 4, DaLat city, Đà Lạt, Việt Nam"
96,"14 Nam Ky Khoi Nghia Street, ward 1, Đà Lạt, Việt Nam"
97,"Hoa Phượng Tím, Hồ Tuyền Lâm, Phường 3, Thành Phố Đà Lạt, Đà Lạt, Việt Nam"
98,"66 Hùng Vương, Phường 9, Thành phố Đà Lạt, Lâm Đồng, Việt Nam, Đà Lạt, Việt Nam"
99,"51 Nam Ky Khoi Nghia, Ward 1, Đà Lạt, Việt Nam"
100,"09 An Duong Vuong, ward 2, Đà Lạt, Việt Nam"
101,"27 Hẻm Lê Hồng Phong, Đà Lạt, Việt Nam"
102,"27 Trần Bình Trọng, Đà Lạt, Việt Nam"
103,"38 Khe Sanh, Đà Lạt, Việt Nam"
104,"Lô 25 An Sơn, Phường 4, Đà Lạt, Việt Nam"
105,"40 Lữ Gia 40 lữ gia,phường 9, Đà Lạt, Việt Nam"
106,"04 Mac Dinh Chi, ward 4, Đà Lạt, Việt Nam"
107,"94 Bui Thi Xuan, Ward 2, Đà Lạt, Việt Nam"
108,"18D Hoàng Văn Thụ, Phường 5, TP Đà Lạt, Đà Lạt, Việt Nam"
109,"1 Le Hong Phong, Ward 4, Đà Lạt, Việt Nam"
110,"14/8 đường ba tháng tư, phường 3, Tp đà lạt, Đà Lạt, Việt Nam"
111,"10A Nam Ky Khoi Nghia , Đà Lạt, Việt Nam"
112,"42 Ha Huy Tap, Ward 3, Đà Lạt, Việt Nam"
113,"Tuyen Lam Lake Tourist Area, Ward 3, Đà Lạt, Việt Nam"
114,"377 Phan Đình Phùng, Phường 2, Đà Lạt, Việt Nam"
115,"70/16 Nguyen An Ninh, Ward 6, Đà Lạt, Việt Nam"
116,"42 Phan Đình Phùng, Đà Lạt, Việt Nam"
117,"67 Phu Dong Thien Vuong, Đà Lạt, Việt Nam"
118,"33 Bà Triệu MayMay Da Lat Apartments, Đà Lạt, Việt Nam"
119,"217 Đường Bùi Thị Xuân, Đà Lạt, Việt Nam"
120,"tổ 3 Khe Sanh. phường 10, Đà Lạt, Việt Nam"
121,"11 Đường Nam Kỳ Khởi Nghĩa, Đà Lạt, Việt Nam"
122,"20 Vạn Hạnh, phường 8, Đà Lạt, Việt Nam"
123,"Nguyễn Văn Trỗi 89A, Đà Lạt, Việt Nam"
124,"T21 An Sơn , phường 4, TP Đà Lạt T21 An Sơn , phường 4, TP Đà Lạt, Đà Lạt, Việt Nam"
125,"24 Luong The Vinh, Ward 3, Đà Lạt, Việt Nam"
126,"Lô A16-A17 Khu quy hoạch Nguyễn Khuyến, P. 5, Đà Lạt, Việt Nam"
127,"SỐ 3 KQH Đà Lạt Green, Đường 3/4, Phường 3, Đà Lạt, Việt Nam"
128,"3-5-7 Mai Anh Dao Street, Ward 8, Đà Lạt, Việt Nam"
129,"113 Đường Vạn Hạnh, Đà Lạt, Việt Nam"
130,"23 Đường Lê Đại Hành Phường 3, Đà Lạt, Việt Nam"
131,"Đường Trạng Trình 78C (Số cũ 4/1), Đà Lạt, Việt Nam"
132,"8/1 Dao Duy Tu, Ward 4, Đà Lạt, Việt Nam"
133,"10 Đường Sương Nguyệt Ánh, Phường 9 , Đà Lạt, Việt Nam"
134,"01 Phan Chu Trinh, Ward 9, Đà Lạt, Việt Nam"
135,"Block R1 26-27 ,KQH Golf Valley, Ward 2, Đà Lạt, Việt Nam"
136,"14E Đường Trịnh Hoài Đức, Đà Lạt, Việt Nam"
137,"72-74 Lý Tự trọng 72 -74Lý Tự trọng, Đà Lạt, Việt Nam"
138,"5 Chu Van An, Ward 3, Đà Lạt, Việt Nam"
139,"Sally Villa 36 Triệu Việt Vương phường 4, Đà Lạt, Việt Nam"
140,"5 Tô Hiệu, Đà Lạt, Việt Nam"
141,"2/6 Tran Hung Dao, Đà Lạt, Việt Nam"
142,"202/15 Phan Đình Phùng, 63000 Đà Lạt, Việt Nam"
143,"11 Ba Trieu, Ward 3, Đà Lạt, Việt Nam"
144,"6E Hồ Xuân Hương, Phường 9, Đà Lạt, Việt Nam"
145,"60/6 Pasteur Street, Ward 4, Đà Lạt, Việt Nam"
146,"262 Nguyên Tử Lực, Phường 8, Việt Nam, Đà Lạt, Việt Nam"
147,"100 Đường Thông Thiên Học Tầng 04, Đà Lạt, Việt Nam"
148,"Thôn 3- xã Tà Nung -Tp Đà Lạt, Đà Lạt, Việt Nam"
149,"19C/41 Hà Huy Tập, phường 3, Đà Lạt, Lâm Đồng, Việt Nam, Đà Lạt, Việt Nam"
150,"B48, Dự Án Golf Valley, Phường 2, Đà Lạt, Đà Lạt, Việt Nam"
151,"49 Bùi Thị Xuân, Đà Lạt, Việt Nam"
152,"28 Đường Lữ Gia, Đà Lạt, Việt Nam"
153,"8 Phan Nhu Thach, Đà Lạt, Việt Nam"
154,"5A Hai Thuong, Ward 5, Đà Lạt, Việt Nam"
155,"42 To Hien Thanh, Ward 3, Đà Lạt, Việt Nam"
156,"Plot Number 6, Area 162, Tuyen Lam Lake, Đà Lạt, Việt Nam"
157,"37 Đường Yersin, Phường 10, Đà Lạt, Việt Nam"
158,"42 Phan Boi Chau Street, Đà Lạt, Việt Nam"
159,"Block R1, 24-25 Nguyen Thi Nghia, Golf Valley, Ward 2, Đà Lạt, Việt Nam"
160,"28 Ba Trieu, Ward 4, Đà Lạt, Việt Nam"
161,"B3-13 Golf Valley, Ward 2, Da Lat City, Đà Lạt, Việt Nam"
162,"14 Nguyen Chi Thanh Street, Ward 1, Đà Lạt, Việt Nam"
163,"14 Trieu Viet Vuong, Đà Lạt, Việt Nam"
164,"29 Le Dai Hanh, Đà Lạt, Việt Nam"
165,"58/4 Pasteur, ward 4, Đà Lạt, Việt Nam"
166,"34 Lương Thế Vinh, Đà Lạt, Việt Nam"
167,"A1 - A2 Hai Thuong, Đà Lạt, Việt Nam"
168,"9 Cô Bắc, Đà Lạt, Việt Nam"
169,"Km 13, Quốc lộ 20, Xuân Thọ, Thành phố Đà Lạt, Lâm Đồng, Việt Nam, Đà Lạt, Việt Nam"
170,"91 Hung Vuong, Block 3.27, Ward 11, Đà Lạt, Việt Nam"
171,"39 Lý Nam Đế, Đà Lạt, Việt Nam"
172,"02 Tô Hiến Thành, Phường 3, Thành phố Đà Lạt, Đà Lạt, Việt Nam"
173,"Thửa 811, Hẻm 29, Đường 3 Tháng 4, Phường 3, Đà Lạt, Việt Nam"
174,"đường ba tháng hai phường 1 thành phố đà lạt Số 83, Đà Lạt, Việt Nam"
175,"24 Le Dai Hanh, Ward 3, Đà Lạt, Việt Nam"
176,"C46-47 KQH Hoang Van Thu, Ward 4 , Đà Lạt, Việt Nam"
177,"101 Bui Thi Xuan, Đà Lạt, Việt Nam"
178,"Nguyễn Chí Thanh 82, Đà Lạt, Việt Nam"
179,"37 Trần Bình Trọng, Đà Lạt, Việt Nam"
180,"58 Pasteur Ward 4, Đà Lạt, Việt Nam"
181,"67/6 Hai Thuong Street, Ward 5, Dalat City, Lam Dong Province, Đà Lạt, Việt Nam"
182,"26 Đường Trần Lê, Phường 4, tp Đà Lạt, tỉnh Lâm Đồng Phường 4, Đà Lạt, Việt Nam"
183,"5 Khe Sanh, Đà Lạt, Việt Nam"
184,"30 Đường Trần Khánh Dư, Đà Lạt, Việt Nam"
185,"79 Nguyễn Văn Trỗi 79 Nguyễn văn trỗi Đà lạt, Đà Lạt, Việt Nam"
186,"3/14 Hai Ba Trung, Dalat City, Đà Lạt, Việt Nam"
187,"25/6 Lê Đại Hành, phường 3, Đà Lạt, Việt Nam"
188,"02 Ho Tung Mau, Ward 3, Đà Lạt, Việt Nam"
189,"32 Đường 3/2 Phường 1 Đà Lạt, Đà Lạt, Việt Nam"
190,"80A Nguyễn Chí Thanh, phường 1, đà lạt, Đà Lạt, Việt Nam"
191,"16A Khu nghỉ dường Golden Hills Dalat,  Nguyễn Trung Trực , phường 3, Đà Lạt, Việt Nam"
192,"120 To Hien Thanh Street, Ward 3, Đà Lạt, Việt Nam"
193,"D64-65 KQH Hoang Van Thu, Ward 04, Đà Lạt, Việt Nam"
194,"Lô 16, KQH 51, Dong Da Street, Ward 3, , Đà Lạt, Việt Nam"
195,"32E Khu Biệt Thự Đồi An Sơn, Phường 4, Đà Lạt, Việt Nam"
196,"88 Đường Hoàng Diệu, Đà Lạt, Việt Nam"
197,"76 Phạm Ngọc Thạch, Đà Lạt, Đà Lạt, Việt Nam"
198,"33A1 Đa Phú Phường 7, Đà Lạt, Việt Nam"
199,"4b Hải Thượng, Đà Lạt, Việt Nam"
200,"Alley 20 Hoang Hoa Tham , Ward 10, Đà Lạt, Việt Nam"
201,"40 Đường Tô Hiến Thành, Đà Lạt, Việt Nam"
202,"52 Đường An Dương Vương, Đà Lạt, Việt Nam"
203,"Phường 1, Đà Lạt, Lâm Đồng 84A Nguyễn Chí Thanh, Đà Lạt, Việt Nam"
204,"117 Đường Bùi Thị Xuân, Đà Lạt, Việt Nam"
205,"33/62 Nguyễn Công Trứ, Đà Lạt, Việt Nam"
206,"17 bis duong 3/4, Đà Lạt, Việt Nam"
207,"16 Nguyễn Thị Định 16, Đà Lạt, Việt Nam"
208,"Số 120/18 Nguyễn An Ninh, Phường 6, Đà Lạt, Đà Lạt, Việt Nam"
209,"26-28 Ba Thang Hai street, Ward 1, Đà Lạt, Việt Nam"
210,"103A Phan Bội Châu Phường 1, Đà Lạt, Việt Nam"
211,"5b Đường Lê Hồng Phong phường 4, đà lạt, Đà Lạt, Việt Nam"
212,"58/19 Đường 3 tháng 2 ( Sau Lưng Hớt Tóc Đức ) 9, Đà Lạt, Việt Nam"
213,"F13 Mạc Đỉnh Chi Phường 4, Đà Lạt, Việt Nam"
214,"11A1 Ho Tung Mau, Đà Lạt, Việt Nam"
215,"42 Đường Bùi Thị Xuân, Đà Lạt, Việt Nam"
216,"5/3 Đường Bà Triệu, Đà Lạt, Việt Nam"
217,"1 Nguyen Thi Minh Khai, Ward 1, Đà Lạt, Việt Nam"
218,"61 Thu Khoa Huan Street, Da Lat City, Đà Lạt, Việt Nam"
219,"133 Ngô Quyền, Đà Lạt, Việt Nam"
220,"198-200 Hai Ba Trung , Da Lat City, Đà Lạt, Việt Nam"
221,"21 Phan Như Thạch, Đà Lạt, Việt Nam"
222,"Đường Thông Thiên Học 23a, Đà Lạt, Việt Nam"
223,"Lot A8, Khu Quy Hoạch Phan Đình Phùng, P.2, Đà Lạt, Đà Lạt, Việt Nam"
224,"80 trieu viet vuong, Đà Lạt, Việt Nam"
225,"128A An Dương Vương Street, Ward 2, Đà Lạt, Việt Nam"
226,"256 Sô Viết Nghệ Tĩnh, phường 7 Đà Lạt, Đà Lạt, Việt Nam"
227,"38 Đường Nguyễn Chí Thanh, Đà Lạt, Việt Nam"
228,"66 Triệu Việt Vương, Phường 3, Đà Lạt, Đà Lạt, Việt Nam"
229,"47 Nguyễn Đình Chiểu, phường 9, Đà Lạt, Việt Nam"
230,"Khu Quy Hoạch Hoàng Văn Thụ C16 Khu Quy Hoạch Hoàng Văn Thụ phường 4 thành phố đà lạt, Đà Lạt, Việt Nam"
231,"Lô A5 KQH Phan Đình Phùng - Hai Bà Trưng, phường 2, Đà Lạt, Đà Lạt, Việt Nam"
232,"Lô H40 KQH Nguyễn Thị Nghĩa, Đà Lạt, Việt Nam"
233,"1/4 Yersin, Phường 10, Thành phố Đà Lạt, Đà Lạt, Việt Nam"
234,"51 Ngô Quyền, Đà Lạt, Việt Nam"
235,"03 Cổ Loa, Đà Lạt, Việt Nam"
236,"36-38 Ly Tu Trong, P.2, Đà Lạt, Việt Nam"
237,"14/2 3 tháng 4, ward 3, Đà Lạt, Việt Nam"
238,"38/5 Tran Phu, Ward 4, Đà Lạt, Việt Nam"
239,"56 Đường Phạm Ngọc Thạch, Đà Lạt, Việt Nam"
240,"128 Đường Nguyễn Trung Trực Căn hộ A37 toạ lạc ở khu nghỉ dưỡng Golden Hills, Đà Lạt, Việt Nam"
241,"3/4 Ngo Quyen Street, Ward 6, Đà Lạt, Việt Nam"
242,"72 Đường Bùi Thị Xuân, Phường 2, Đà Lạt, Việt Nam"
243,"12/2 Pham Ngu Lao, Đà Lạt, Việt Nam"
244,"G5b Mạc Đỉnh Chi, Ward 4, Đà Lạt, Việt Nam"
245,"56 Đường Lê Thánh Tôn, Đà Lạt, Việt Nam"
246,"Tô Vĩnh Diện, Đà Lạt, Việt Nam"
247,"39a, Đường Nguyễn Văn Cừ, Đà Lạt, Việt Nam"
248,"2 Triệu Việt Vương, P4, TP Đà Lạt, Đà Lạt, Việt Nam"
249,"11 Đường Hoàng Diệu, Đà Lạt, Việt Nam"
250,"98 Đường Nguyễn Trung Trực, Đà Lạt, Việt Nam"
251,"128 Lý Tự Trọng - Phường 2, Đà Lạt, Việt Nam"
252,"Lô C5, Khu Quy Hoạch Phạm Hồng Thái, Phường 10, Thành phố Đà Lạt, Đà Lạt, Việt Nam"
253,"SÔ 3E HOÀNG HOA THÁM, PHƯỜNG 10,, Đà Lạt, Việt Nam"
254,"14 Đong Đa, Ward 3, Đà Lạt, Việt Nam"
255,"82 Đường Trần Quang Khải, Đà Lạt, Việt Nam"
256,"18/4 Lê Văn Tám, P10, Đà Lạt, Lâm Đồng, Đà Lạt, Việt Nam"
257,"64/2/3 Nguyễn Thị Nghĩa - Phường 2, Đà Lạt, Việt Nam"
258,"23/2 Pham Ngu Lao, Đà Lạt, Việt Nam"
259,"49 Phan Như Thạch, Đà Lạt, Việt Nam"
260,"186 Đường Bùi Thị Xuân, Đà Lạt, Việt Nam"
261,"146 Phan Đình Phùng, Đà Lạt, Việt Nam"
262,"15 Đường Huỳnh Thúc Kháng, Đà Lạt, Việt Nam"
263,"G6 Mac Dinh Chi Street, Ward 14, Da Lat, Đà Lạt, Việt Nam"
264,"10 Đường Huyền Trân Công Chúa, Đà Lạt, Việt Nam"
265,"3/8 Hai Ba Trung, Đà Lạt, Việt Nam"
266,"4 Phan Như Thạch, Đà Lạt, Việt Nam"
267,"103 105 phan đình phùng tp Đà Lạt, tỉnh Lâm Đồng, Đà Lạt, Việt Nam"
268,"84 Đường Nguyễn An Ninh, Đà Lạt, Việt Nam"
269,"152 Tô Hiến Thành, Đà Lạt, Việt Nam"
270,"Nhà Chung 1 Bis, Đà Lạt, Việt Nam"
271,"3/18 Hai Bà Trưng, Phường 6, Đà Lạt, Việt Nam"
272,"127 Yersin Phường 9 Đà Lạt Lâm Đồng, Đà Lạt, Việt Nam"
273,"Mạc Đỉnh Chi Căn A2, Đà Lạt, Việt Nam"
274,"Number 10 Cư Xá Bưu Điện Bùi Thị Xuân , Đà Lạt, Việt Nam"
275,"A37 Mạc Đĩnh Chi, Đà Lạt, Việt Nam"
276,"21bis/15 Trần phú, Phường 3, Thành phố Đà lạt, Tỉnh Lâm Đồng, Đà Lạt, Việt Nam"
277,"55/11 Đường Thiện Ý, P4, Đà Lạt, Việt Nam"
278,"Đường An Sơn T21, Đà Lạt, Việt Nam"
279,"54 Đường Ngô Thì Sỹ, Đà Lạt, Việt Nam"
280,"24 Đường Lý Tự Trọng , Đà Lạt, Việt Nam"
281,"Đường Phê Thạch, Đà Lạt, Việt Nam"
282,"18/5/3 Đường Trần Phú, Đà Lạt, Việt Nam"
283,"Số 100/7 Đường Vạn Hạnh, Phường 8, Thành phố Đà Lạt, Đà Lạt, Việt Nam"
284,"26 Dong Tam, Đà Lạt, Việt Nam"
285,"KQH Hoàng Diệu, Đà Lạt, Việt Nam"
286,"4 Pham Ngu Lao, Ward 3, Đà Lạt, Việt Nam"
287,"31 Le Dai Hanh, Đà Lạt, Việt Nam"
288,"101-đường hoàng diệu-phường 5-tp Đà Lạt, Đà Lạt, Việt Nam"
289,"Alley 31 Nguyễn Công Trứ, Đà Lạt, Việt Nam"
290,"59 Đường Nguyễn Trung Trực, Đà Lạt, Việt Nam"
291,"8 Tản Đà, Đà Lạt, Việt Nam"
292,"52 Luong The VInh, Đà Lạt, Việt Nam"
293,"03 Yersin, Ward 10, Đà Lạt, Việt Nam"
294,"47 Đường Bùi Thị Xuân, Đà Lạt, Việt Nam"
295,"71c/37 bis Đường Ba Tháng Hai , Phường 4, Đà Lạt, Việt Nam"
296,"48/1 Đường Hà Huy Tập, Đà Lạt, Việt Nam"
297,"53B1 Nam Kì Khởi Nghĩa Phường 1, Đà Lạt, Việt Nam"
298,"F10 Mạc Đỉnh Chi Phường 4 Đà Lạt, Đà Lạt, Việt Nam"
299,"37 Trần Hưng Đạo, Đà Lạt, Việt Nam"
300,"03 Huynh Thuc Khang, Đà Lạt, Việt Nam"
301,"B33 khu quy hoạch Viện Nghiên Cứu Hạt Nhân, đường Hùng Vương, phường 11, thành phố Đà Lạt, tỉnh Lâm Đồng, Đà Lạt, Việt Nam"
302,"55 Đường Thiện Ý, Đà Lạt, Việt Nam"
303,"14d Hoàng Hoa Thám, Thành phố Đà Lạt, Đà Lạt, Việt Nam"
304,"103 Bui Thi Xuan, Ward 2, Đà Lạt, Việt Nam"
305,"A27 Mạc Đĩnh Chi, Đà Lạt, Việt Nam"
306,"Lô D33A KQH Ngô Quyền - Bạch Đằng, Phường 6, TP. Đà Lạt, Lâm Đồng, Đà Lạt, Việt Nam"
307,"45C/1 Hồ Tùng Mậu. Thung lũng kim khuê, Đà Lạt, Việt Nam"
308,"188 Phan Đình Phùng, Đà Lạt, Việt Nam"
309,"45 Nam Ky Khoi Nghia, Đà Lạt, Việt Nam"
310,"42A Hà Huy Tập, Phường 3, Đà Lạt, Việt Nam"
311,"KQH Hoàng Diệu A4, Đà Lạt, Việt Nam"
312,"55d Nguyễn Văn Trỗi, Đà Lạt, Việt Nam"
313,"6 Lê Văn Tám, Đà Lạt, Việt Nam"
314,"33/23 Đường Hồ Tùng Mậu, Phường 3, Đà Lạt, Việt Nam"
315,"2/1 3 Tháng 4 , phường 3 , Đà Lạt , Lâm Đồng, Đà Lạt, Việt Nam"
316,"4/36 Dao Duy Tu, Đà Lạt, Việt Nam"
317,"49 Hà Huy Tập, Đà Lạt, Việt Nam"
318,"A30 Nguyễn Lương Bằng, phường 2, Đà Lạt, Lâm Đồng, Đà Lạt, Việt Nam"
319,"84 Nguyen Chi Thanh, Phuong 1, Đà Lạt, Việt Nam"
320,"83/2 Phan Dinh Phung , ward 1, Đà Lạt, Việt Nam"
321,"SỐ 1 LÊ HỒNG PHONG PHƯỜNG 4 ĐÀ LẠT SỐ 1 LÊ HỒNG PHONG PHƯỜNG 4 ĐÀ LẠT, Đà Lạt, Việt Nam"
322,"Đường An Sơn, Đà Lạt, Việt Nam"
323,"131 Đường Nguyễn Trung Trực, Đà Lạt, Việt Nam"
324,"10 Nguyen Chi Thanh, Đà Lạt, Việt Nam"
325,"29, Phan Chu Trinh, Phường 9, Đà Lạt, Việt Nam"
326,"Đường Mạc Đĩnh Chi B13, Đà Lạt, Việt Nam"
327,"121 Đường Huyền Trân Công Chúa, Đà Lạt, Việt Nam"
328,"19 (số cũ 5) Lê Hồng Phong, Đà Lạt, Việt Nam"
329,"76 Ba Thang Hai, Đà Lạt, Việt Nam"
330,"27 Nguyễn Thị Nghĩa, Đà Lạt, Việt Nam"
331,"108 Hoàng Diệu, Đà Lạt, Việt Nam"
332,"3 Đường Hai Bà Trưng 3/27, Đà Lạt, Việt Nam"
333,"3/1 Trần Phú, Phường 4, Đà Lạt, Việt Nam, Đà Lạt, Việt Nam"
334,"5/4 Lê Đại Hành, Phường 3, Thành Phố Đà Lạt, Đà Lạt, Việt Nam"
335,"49 Nguyễn Thị Nghĩa, Đà Lạt, Việt Nam"
336,"Phan Đình Phùng 427/6, Đà Lạt, Việt Nam"
337,"Đường Nguyễn Viết Xuân, Đà Lạt, Việt Nam"
338,"18/1A Phu Dong Thien Vuong, Ward 8, Đà Lạt, Việt Nam"
339,"119/3 Đường Bạch Đằng Villa Son Trang, Đà Lạt, Việt Nam"
340,"54/13 Phan Đình Phùng (08 Nguyễn Biểu) (Dốc Nhà Làng), Đà Lạt, Việt Nam"
341,"57 An Bình, Đà Lạt, Việt Nam"
342,"11 Nguyễn Thị Nghĩa, Đà Lạt, Việt Nam"
343,"Đường Trần Phú Thửa 325, TBĐ số 8, Trần Phú , Phường 3, Đà Lạt, Đà Lạt, Việt Nam"
344,"19 Phan Như Thạch, Đà Lạt, Việt Nam"
345,"23 An Dương Vương, Đà Lạt, Việt Nam"
346,"57-59 Ba Thang Hai Street, Da Lat City, Đà Lạt, Việt Nam"
347,"B34 Khu Biệt Thự Golf Valley, Phường 2, Thành phố Đà Lạt, Lâm Đồng, Vietnam, Đà Lạt, Việt Nam"
348,"163/8 Đường Bùi Thị Xuân, Đà Lạt, Việt Nam"
349,"2a Đường Nguyễn Chí Thanh 2a, Đà Lạt, Việt Nam"
350,"Zone 7&8, Tuyen Lam Lake Tourist Area, Ward 3, Đà Lạt, Việt Nam"
351,"4 Đường Nam Kỳ Khởi Nghĩa Phường 1, Đà Lạt, Việt Nam"
352,"106 Phan Chu Trinh, Đà Lạt, Việt Nam"
353,"16B Nam Ky Khoi Nghia, Đà Lạt, Việt Nam"
354,"A38 mac dinh chi, da lat, Đà Lạt, Việt Nam"
355,"33-35 Nam Kỳ Khởi Nghĩa 33-35 Nam Kỳ Khởi Nghĩa ,P1, TP Đà Lạt, Đà Lạt, Việt Nam"
356,"25 Lê Quý Đôn, Đà Lạt, Việt Nam"
357,"Đường Ngô Thì Sỹ 27E, Đà Lạt, Việt Nam"
358,"11b Hoàng Hoa Thám (hẻm hầm đá) phường 10 Đà Lạt, Đà Lạt, Việt Nam"
359,"48 Đường Hà Huy Tập, Đà Lạt, Việt Nam"
360,"30 Nguyen Van Troi, Đà Lạt, Việt Nam"
361,"Ngõ Hố Lở Xã xuân thọ, Đà Lạt, Việt Nam"
362,"40/2 Huyền Trân Công Chúa Phường 5, Đà Lạt, Việt Nam"
363,"86 Bùi Thị Xuân Phường 2 Tp Đà Lạt, Đà Lạt, Việt Nam"
364,"316 Đường Hai Bà Trưng, Đà Lạt, Việt Nam"
365,"29 Đường Bùi Thị Xuân, Phường 2, Thành phố Đà Lạt, Lâm Đồng, Đà Lạt, Việt Nam"
366,"1A Tương Phố - Phường 9, Đà Lạt, Việt Nam"
367,"3 Đường Mai Hắc Đế Phường 6, Đà Lạt, Việt Nam"
368,"Phan Như Thạch, Phường 1 Số 70, Đà Lạt, Việt Nam"
369,"1 An Binh, Ward 3, Da Lat, Đà Lạt, Việt Nam"
370,"1 Bis Nhà Chung, phường 3, thành phố Đà Lạt, Đà Lạt, Việt Nam"
371,"Đường Trần Phú, Đà Lạt, Việt Nam"
372,"144b Vòng Lâm Viên, Đà Lạt, Việt Nam"
373,"11a Đường Lữ Gia, Phường 9, Đà Lạt, Việt Nam"
374,"33 Ba Trieu, Đà Lạt, Việt Nam"
375,"60 Dong Da Street, Đà Lạt, Việt Nam"
376,"33 Nguyen Chi Thanh, Ward 1, Đà Lạt, Việt Nam"
377,"48 Ly Nam De, Đà Lạt, Việt Nam"
378,"50 Lê Văn Tám, Đà Lạt, Việt Nam"
379,"12 Đường Triệu Việt Vương, Đà Lạt, Việt Nam"
380,"Số 1-3, Đường Hai Bà Trưng, Phường 06, Đà Lạt, Việt Nam"
381,"227 Đường Nguyễn Trung Trực, Đà Lạt, Việt Nam"
382,"41 Đường Hoàng Văn Thụ, phường 5, Đà Lạt, Việt Nam"
383,"14 - 16 đường Hải Thượng, phường 1, Đà Lạt, Việt Nam"
384,"12B1 La Son Phu Tu, Đà Lạt, Việt Nam"
385,"Đường Mạc Đĩnh Chi, Đà Lạt, Việt Nam"
386,"17 Tran Binh Trong, Ward 6, Đà Lạt, Việt Nam"
387,"No. 5; Alley 59, Phan Nhu Thach, Ward 1 Số 5, Ngõ 59, Phan Như Thạch, Phường 1, Đà Lạt, Việt Nam"
388,"135C Hoàng Hoa Thám( hầm Đá), F10, Đà Lạt, Việt Nam"
389,"73 Hà Huy Tập, Phường 3 , Đà Lạt  7, Đà Lạt, Việt Nam"
390,"53 Ba Thang Hai, Đà Lạt, Việt Nam"
391,"Phan Như Thạch 43, Đà Lạt, Việt Nam"
392,"92 Ngo Thi Sy, Đà Lạt, Việt Nam"
393,"1/9 An Son, Ward 4, Đà Lạt, Việt Nam"
394,"262 Đường Bùi Thị Xuân, Đà Lạt, Việt Nam"
395,"75 Phan Bội Châu, Đà Lạt, Việt Nam"
396,"30 hung vuong, Đà Lạt, Việt Nam"
397,"316 Phan Đình Phùng, Đà Lạt, Việt Nam"
398,"110 Đường Ngô Thì Sỹ 3, Đà Lạt, Việt Nam"
399,"9 KQH (Khu Quy Hoach) Yersin, Ward 9, Đà Lạt, Việt Nam"
400,"Đường Nguyễn Chí Thanh 50, Đà Lạt, Việt Nam"
401,"18A Nguyen Chi Thanh, Ward 1, Da Lat, Lam Dong, Đà Lạt, Việt Nam"
402,"3/62 Dao Duy Tu, Ward 4, Dalat, Lam Dong, Vietnam 3/62 Dao Duy Tu, Ward 4, Dalat, Lam Dong, Vietnam, Đà Lạt, Việt Nam"
403,"75 Phan Nhu Thach Phường 1, Đà Lạt, Việt Nam"
404,"R1/12, Dự án Golf Valley, Nguyễn Thị Nghĩa, Phường 2, Đà Lạt, Việt Nam"
405,"1 Le Hong Phong, Đà Lạt, Việt Nam"
406,"9 Đường Trần Nhật Duật, Đà Lạt, Việt Nam"
407,"33 Đường Hà Huy Tập, Đà Lạt, Việt Nam"
408,"221/11 Hai Bà Trưng, Đà Lạt, Việt Nam"
409,"375 Hai Ba Trung, Đà Lạt, Việt Nam"
410,"80 Đường Nguyễn Chí Thanh, Đà Lạt, Việt Nam"
411,"H47 Nguyen Thi Nghia Street, Ward 2, Đà Lạt, Việt Nam"
412,"131 Đường Bùi Thị Xuân, Đà Lạt, Việt Nam"
413,"44 Tô Hiến Thành, Đà Lạt, Việt Nam"
414,"128 Nguyen Van Troi, Ward 2, Đà Lạt, Việt Nam"
415,"21 Đường Hai Bà Trưng 21 Đường Hai Bà Trưng, Phường 6, Lâm Đồng, Đà Lạt, Đà Lạt, Việt Nam"
416,"Trần Quý Cáp 2/13, Đà Lạt, Việt Nam"
417,"33 Mac Dinh Chi, Ward 4, Đà Lạt, Việt Nam"
418,"260 Xo Viet Nghe Tinh, Ward 7, Đà Lạt, Việt Nam"
419,"18 Pham Ngu Lao, Ward 3, Đà Lạt, Việt Nam"
420,"20 An Son, Ward 4, Đà Lạt, Việt Nam"
421,"Tuyen Lam Marina, Ward 3, Đà Lạt, Việt Nam"
422,"16A Pham ngu lao, ward 3, Đà Lạt, Việt Nam"
423,"Thôn 3 Xã Mê Linh, huyện Lâm Hà, Đà Lạt, Việt Nam"
424,"4-6A Nguyen Van Troi, Đà Lạt, Việt Nam"
425,"Đường Nhà Chung, Đà Lạt, Việt Nam"
426,"134 Hà Huy Tập, P3, tp Đà Lạt, Đà Lạt, Việt Nam"
427,"B19 Mạc Đĩnh Chi, phường 4, Đà Lạt, Việt Nam"
428,"58 Ngô Tất Tố, Đà Lạt, Việt Nam"
429,"Đường Nhà Chung 1/12, Đà Lạt, Việt Nam"
430,"A9 KQH Đồi Công Đoàn đường Nguyễn Hữu Cảnh Phường 8, Đà Lạt, Việt Nam"
431,"63 Phan Như Thạch, Đà Lạt, Việt Nam"
432,"28/4 Bui Thi Xuan, Ward 2, Đà Lạt, Việt Nam"
433,"215 Đường Bùi Thị Xuân, Đà Lạt, Việt Nam"
434,"66 Hoàng Diệu , Đà Lạt, Việt Nam"
435,"4B Hai Ba Trung, Ward 6, Đà Lạt, Việt Nam"
436,"85 Hùng Vương, Phường 11, Đà Lạt, Lâm Đồng, Đà Lạt, Việt Nam"
437,"03 Hẻm Mai Hắc Đế, Đà Lạt, Việt Nam"
438,"H51 Nguyen Thi Nghia H51 Nguyen Thi Nghia, Đà Lạt, Việt Nam"
439,"38 Nguyen Thi Nghia, ward 2, Đà Lạt, Việt Nam"
440,"F1C5 Nguyễn Trung Trực, Đà Lạt, Việt Nam"
441,"59 Phan Boi Chau , Đà Lạt, Việt Nam"
442,"30 Đường Huyền Trân Công Chúa, Phường 5 Villa SEVENBAY, Đà Lạt, Việt Nam"
443,"33/18/2 Phan Đình Phùng, Lâm Đồng, Đà Lạt, Việt Nam"
444,"19 Le Dai Hanh Street, Ward 3, Đà Lạt, Việt Nam"
445,"số nhà D35 Khu quy hoạch Ngô Quyền, P6, Tp Đà lạt Tầng 1, Đà Lạt, Việt Nam"
446,"232/5A Phan Dinh Phung Street, Đà Lạt, Việt Nam"
447,"116/3 Pham Ngoc Thach, Đà Lạt, Việt Nam"
448,"37 Đường Ma Trang Sơn, Đà Lạt, Việt Nam"
449,"Dinh 3 Parking, Alley 1, Trieu Viet Vuong, Ward 4, Đà Lạt, Việt Nam"
450,"91 Đường Hùng Vương Khu biệt thự Nam Hồ, Đà Lạt, Việt Nam"
451,"Dốc số 3 Triệu Việt Vương, Đà Lạt, Việt Nam"
452,"5/2 hẻm Trần Quý Cáp, phường 10, Thành phố Đà Lạt 5/2 hẻm Trần Quý Cáp, Đà Lạt, Việt Nam"
453,"7a phạm ngọc thạch, Đà Lạt, Việt Nam"
454,"21/2A Tran Phu Street, Ward 3, Đà Lạt, Việt Nam"
455,"7 Ngô Thì Nhậm, Đà Lạt, Việt Nam"
456,"Nguyễn Thị Nghĩa H71, Đà Lạt, Việt Nam"
457,"202 Phan Đình Phùng 202/53 Phan Đình Phùng, Phường 2, Đà Lạt, Việt Nam"
458,"Lô 97 Khu Quy Hoạch Phan Đình Phùng - Nguyễn Công Trứ, Phường 2, Đà Lạt, Việt Nam"
459,"B17 Đường Mạc Đĩnh Chi, phường 4, Đà Lạt, Việt Nam"
460,"Lô 13 Hoàng Văn Thụ phường 4 thành phố Đà Lạt, Đà Lạt, Việt Nam"
461,"H29 Nguyễn Thị Nghĩa, Đà Lạt, Việt Nam"
462,"59 Đường Trần Khánh Dư, Đà Lạt, Việt Nam"
463,"158 Thanh Mau, Ward 7, Đà Lạt, Việt Nam"
464,"05 Phan Nhu Thach, Ward 1 05, Đà Lạt, Việt Nam"
465,"Xuân An 69c, Đà Lạt, Việt Nam"
466,"149 Hồ Xuân Hương, Đà Lạt, Việt Nam"
467,"36 Đường Phạm Ngũ Lão, Đà Lạt, Việt Nam"
468,"58 Đường Ngô Thì Nhậm, Đà Lạt, Việt Nam"
469,"1/22 Khu Đồi Trà. Phường 8, Đà Lạt, Đà Lạt, Việt Nam"
470,"48 Đường Ngô Thì Sỹ, Đà Lạt, Việt Nam"
471,"91 Yersin Street, Ward 10, Đà Lạt, Việt Nam"
472,"211-217 Phu Dong Thien Vuong Street, Ward 8, Đà Lạt, Việt Nam"
473,"Đường An Sơn, Đà Lạt, Việt Nam"
474,"06-08 Hai Ba Trung, Ward 6, Da Lat, Đà Lạt, Việt Nam"
475,"8/4 Dao Duy Tu, Đà Lạt, Việt Nam"
476,"14-16 Hoa Binh, Đà Lạt, Việt Nam"
477,"266 Phan Dinh Phung, Ward 2, Đà Lạt, Việt Nam"
478,"37 Trần Hưng Đạo, Đà Lạt, Việt Nam"
479,"Lương Thế Vinh 11B, Đà Lạt, Việt Nam"
480,"39 Nguyen Thi Nghia, phuong 2, Đà Lạt, Việt Nam"
481,"09 Vo Truong Toan Street, Ward 8, Đà Lạt, Việt Nam"
482,"16/6 Nam Kỳ Khởi Nghĩa, Đà Lạt, Việt Nam"
483,"30 Phan Như Thạch, Đà Lạt, Việt Nam"
484,"68 Khu An Phú, Bạch Đằng. P7, TP Đà Lạt, Đà Lạt, Việt Nam"
485,"280 Phan Dinh Phung, Ward 2, Da Lat City, Đà Lạt, Việt Nam"
486,"40 ha huy tập phường 3 thành phố đà lạt 40 ha huy tập, Đà Lạt, Việt Nam"
487,"47/3 Hoang Dieu, Đà Lạt, Việt Nam"
488,"a39 mạc đỉnh chi p4 đà lạt lâm đồng, Đà Lạt, Việt Nam"
489,"80 Ly Nam De, Ward 8, Đà Lạt, Việt Nam"
490,"29 Đường Gio An, Đà Lạt, Việt Nam"
491,"Nguyễn Thị Nghĩa 46, Đà Lạt, Việt Nam"
492,"D66 hoàng Văn Thụ, phường 4, TP. Đà Lạt, tỉnh Lâm Đồng, Đà Lạt, Việt Nam"
493,"12-14 To Hien Thanh, Ward 3, Đà Lạt, Việt Nam"
494,"62 Phạm Hồng Thái nối dài, Đà Lạt, Việt Nam"
495,"H4, Nguyễn Thị Nghĩa, Phường 4, Thành phố Đà Lạt, Tỉnh Lâm Đồng 5 tầng, Đà Lạt, Việt Nam"
496,"202/23 Phan Dinh Phung, Ward 2, Đà Lạt, Việt Nam"
497,"76 Hà Huy Tập, Đà Lạt, Việt Nam"
498,"174 Bui Thi Xuan, Đà Lạt, Việt Nam"
499,"10 Phan Bội Châu, Đà Lạt, Việt Nam"
500,"66 Phan Như Thạch 66 phan như thạch p1 Đà Lạt, Đà Lạt, Việt Nam"
501,"Số 7- Đồng Tâm, Phường 4, Đà Lạt, Việt Nam"
502,"1 Tran Quy Cap, Đà Lạt, Việt Nam"
503,"1/1 Huỳnh Thúc Kháng, Đà Lạt, Lâm Đồng, Đà Lạt, Việt Nam"
504,"25 Quang Trung 2, Đà Lạt, Việt Nam"
505,"Dong Tam 12A, Đà Lạt, Việt Nam"
506,"07/4 Ngô Quyền, Đà Lạt, Việt Nam"
507,"88 Ly Tu Trong, Da Lat, Đà Lạt, Việt Nam"
508,"7/2 Hai Thuong, Đà Lạt, Việt Nam"
509,"72/2 Nguyen Van Troi , Đà Lạt, Việt Nam"
510,"27/17A Thống Nhất,yersin, p10, dalat 27/17A Thống Nhất, yersin, p10, dalat, Đà Lạt, Việt Nam"
511,"Phan Bội Châu, Đà Lạt 135, Đà Lạt, Việt Nam"
512,"20 Đường Nguyễn Chí Thanh, Đà Lạt, Việt Nam"
513,"Lô 50 KQH Thái Lâm- Nguyễn Trung Trực, Đà Lạt, Việt Nam"
514,"116, 3 Thang 2, Đà Lạt, Việt Nam"
515,"36/4 Thông Thiên Học - P2, Đà Lạt, Việt Nam"
516,"27B Yersin, Ward 10, Da Lat, Đà Lạt, Việt Nam"
517,"159 Đường Nguyên Tử Lực, Đà Lạt, Việt Nam"
518,"11 Đường Hai Bà Trưng, Đà Lạt, Việt Nam"
519,"8/8 Dao Duy Tu, Ward 4, Da Lat, Lam Dong, Đà Lạt, Việt Nam"
520,"67 Đường Thiện Ý, Đà Lạt, Việt Nam"
521,"26 Đường Triệu Việt Vương, Đà Lạt, Việt Nam"
522,"21 Đường Đào Duy Từ 21, Đà Lạt, Việt Nam"
523,"27-29 Dinh Tien Hoang, Ward 2, Đà Lạt, Việt Nam"
524,"232/5a Phan Đình Phùng, Đà Lạt, Việt Nam"
525,"3 Nhà Chung 3 nhà chung, Đà Lạt, Việt Nam"
526,"Đường Trần Lê Số 1 khu quy hoạch Trần Lê, Đà Lạt, Việt Nam"
527,"67 Nguyễn Thị Nghĩa, Đà Lạt, Việt Nam"
528,"4 Đường Huyền Trân Công Chúa, Đà Lạt, Việt Nam"
529,"287 Phan Đình Phùng, Đà Lạt, Việt Nam"
530,"Nguyen Trung Truc, Đà Lạt, Việt Nam"
531,"82/6 Nguyễn Chí Thanh, phường 1, Thành phố Đà Lạt, Đà Lạt, Việt Nam"
532,"6b Trần Hưng Đạo - P3 - Đa Lạt, Đà Lạt, Việt Nam"
533,"16/16 Nguyễn Văn Trỗi, phường 1, Đà Lạt, Lâm Đồng, Việt Nam 16/16 Nguyen Van Troi, Ward 1, Da Lat City, Lam Dong Province, Vietnam, Đà Lạt, Việt Nam"
534,"32 Đường Mẫu Tâm số 32, đường Mẫu Tâm, phường 4, Đà Lạt, Đà Lạt, Việt Nam"
535,"82 Nguyễn Thị Nghĩa, Đà Lạt, Việt Nam"
536,"59 Nguyen Tu Luc, Đà Lạt, Việt Nam"
537,"20 Xô Viết Nghệ Tĩnh, Đà Lạt, Việt Nam"
538,"36 Le Van Tam Street, Đà Lạt, Việt Nam"
539,"Lot 22, An Son Hill Villas, Ward 4, Đà Lạt, Việt Nam"
540,"94b Đường Nguyễn Chí Thanh, Đà Lạt, Việt Nam"
541,"H59 KQH Công Viên Văn Hóa & Đô Thị , Phường 2, TP. Đà Lạt, Đà Lạt, Việt Nam"
542,"50 Đường Thủ Khoa Huân 2, Đà Lạt, Việt Nam"
543,"1/3 Trần Quý Cáp Phường 9, Thành Phố Đà Lạt, Lâm Đồng 1/3 Trần Quý Cáp Phường 9, Thành Phố Đà Lạt, Lâm Đồng, Đà Lạt, Việt Nam"
544,"15/6C Hai Bà Trưng, phường 6, Đà Lạt, Đà Lạt, Việt Nam"
545,"12 Đường Thi Sách, Đà Lạt, Việt Nam"
546,"29A, 3/4 Street, Đà Lạt, Việt Nam"
547,"8 Đường An Dương Vương, Đà Lạt, Việt Nam"
548,"21 Lê Quý Đôn, Đà Lạt, Việt Nam"
549,"27 Le Hong Phong, Đà Lạt, Việt Nam"
550,"59 Phan Đình Phùng 1, Đà Lạt, Việt Nam"
551,"39 Nam Kỳ Khởi Nghĩa, Đà Lạt, Việt Nam"
552,"Trần Thánh Tông, Tiểu khu 157, Phường 3 Lan Anh Village, Đà Lạt, Việt Nam"
553,"3/12 bà triệu phường 3 dalat 3/12 bà triệu phường 3 dalat, Đà Lạt, Việt Nam"
554,"22 Tran Quang Khai, Đà Lạt, Việt Nam"
555,"phan bội châu DalatCenter, Đà Lạt, Việt Nam"
556,"301, khu C chung cư yersin.p9 đà lạt, Đà Lạt, Việt Nam"
557,"29 Phù Đổng Thiên Vương - F8 - Dalat - Lâm Đồng, Đà Lạt, Việt Nam"
558,"C9 Đang Thai Than,Ward 3, Đà Lạt, Việt Nam"
559,"14 3 Tháng 4, Đà Lạt, Việt Nam"
560,"Đường An Sơn, Đà Lạt, Việt Nam"
561,"36 Đường Nguyễn Chí Thanh, phường 1, tp đà lạt, lâm đồng, Đà Lạt, Việt Nam"
562,"5/3 Ba Trieu street, Đà Lạt, Việt Nam"
563,"Đường Hai Bà Trưng, Phường 2 304, Đà Lạt, Việt Nam"
564,"Số 2 Khởi Nghĩa Bắc Sơn, Đà Lạt, Lâm Đồng, Đà Lạt, Việt Nam"
565,"183 Phan Đình Phùng, Đà Lạt, Việt Nam"
566,"71 Thủ Khoa Huân, phường 1, thành phố Đà Lạt, Đà Lạt, Việt Nam"
567,"12 Tang Bat Ho, Ward 1, Đà Lạt, Việt Nam"
568,"48/18 Đường Đoàn Thị Điểm, phường 4, Đà Lạt, Việt Nam"
569,"66 Hà Huy Tập, Phường 03, Đà Lạt, Lâm Đồng 66 Hà Huy Tập, Phường 03, Đà Lạt, Lâm Đồng, Đà Lạt, Việt Nam"
570,"41/9 Ngô Thì Sỹ, Phường 14, Đà Lạt, Việt Nam"
571,"Thon 9 - xã Mê Linh, Đà Lạt, Việt Nam"
572,"88 Nguyễn Trung Trực, phường 4, thành phố Đà Lạt 88 Nguyễn Trung Trực, phường 4,, Đà Lạt, Việt Nam"
573,"10 Phan Bội Châu, Đà Lạt, Việt Nam"
574,"80/2 Hoang Dieu, Ward 5, Da Lat, Lam Dong, Đà Lạt, Việt Nam"
575,"33 Le Thanh Ton, Đà Lạt, Việt Nam"
576,"D67 Hoang Van Thu, Đà Lạt, Việt Nam"
577,"15 Nguyen An Ninh, ward 6 , Đà Lạt, Việt Nam"
578,"43/6 phạm hồng thái phường 10, tp đà lạt, Đà Lạt, Việt Nam"
579,"54 Nguyen Dinh Chieu, Ward 9, Đà Lạt, Việt Nam"
580,"52 Đường Mạc Đĩnh Chi, Đà Lạt, Việt Nam"
581,"16/2 Pasteur, Đà Lạt, Việt Nam"
582,"HẺM 49, TRẠNG TRÌNH, P9, TP ĐÀ LẠT PHÒNG NGHỈ, KHÁCH SẠN, HOMESTAY .V.V.V, Đà Lạt, Việt Nam"
583,"02 Tan Da Street, Đà Lạt, Việt Nam"
584,"221 Đường Hai Bà Trưng, Đà Lạt, Việt Nam"
585,"15 Phan Nhu Thach, Đà Lạt, Việt Nam"
586,"56 Ly Tu Trong Phuong 1, Đà Lạt, Việt Nam"
587,"Nguyễn Văn Trỗi, Phường 1, Đà Lạt 70/18/3, Đà Lạt, Việt Nam"
588,"G2 Khu Quy Hoạch Hoàng Diệu, Đà Lạt, Việt Nam"
589,"27e Đường Lê Hồng Phong, Đà Lạt, Việt Nam"
590,"Lô 181, KQH Phan Đình Phùng, F2, Đà Lạt, Việt Nam"
591,"1/6 Le Hong Phong, Đà Lạt, Việt Nam"
592,"TK143 , Road 723, Da Sar Commune, Lac Duong District, Da Lat, Lam Dong, Đà Lạt, Việt Nam"
593,"F5 Mạc Đỉnh Chi, phường 4, Đà Lạt, Việt Nam"
594,"21 Sương Nguyệt Ánh, Đà Lạt, Việt Nam"
595,"32/3 Mai Anh Dao Street, Đà Lạt, Việt Nam"
596,"26 Đường Lê Lai, phường 5, thành phố Đà Lạt, Lâm Đồng, Đà Lạt, Việt Nam"
597,"7 - 20 Lu Gia, Ward 9, Đà Lạt, Việt Nam"
598,"16/7 Nam Ky Khoi Nghia, Dalat, Lam Dong, Vietnam, Đà Lạt, Việt Nam"
599,"75 Xuân An 1, Đà Lạt, Việt Nam"
600,"Lô B1, KQH Phù Đổng Thiên Vương, Phường 8, Đà Lạt, Việt Nam"
601,"B10-12A Đường Triệu Việt Vương, Đà Lạt, Việt Nam"
602,"Huỳnh Tấn Phát, Đà Lạt, Việt Nam"
603,"Floor 4, 100 Thông Thiên Học, Đà Lạt, Việt Nam"
604,"Lô B46 KQH Mạc Đĩnh Chi - Phường 4 - Đà Lạt, Đà Lạt, Việt Nam"
605,"94 Đường P. Đ Thiên Vương, Đà Lạt, Việt Nam"
606,"281/14 Phan Dinh Phung, Đà Lạt, Việt Nam"
607,"2/10/4 Nguyễn Văn Trỗi, Đà Lạt, Việt Nam"
608,"T21 An Sơn, Phường 4, Đà Lạt, Lâm Đồng, Đà Lạt, Việt Nam"
609,"Nguyễn Thị Nghĩa H14 bis, Đà Lạt, Việt Nam"
610,"76 Đường Nguyễn Trung Trực, Đà Lạt, Việt Nam"
611,"Đường Mẫu Tâm Chung Cư Huyền Trân, số 5 Huyền Trân Công Chúa, Đà Lạt, Việt Nam"
612,"Võ Trường Toản hẽm cây xăng Phù Đổng, đối diện Villa Hoàng Lộc, Đà Lạt, Việt Nam"
613,"E42 KQH To Hien Thanh, Phuong 3, Da Lat, Đà Lạt, Việt Nam"
614,"05C Dong Da, Ward 3, Đà Lạt, Việt Nam"
615,"3Q/2, Alley 3B, Thong Thien Hoc, Đà Lạt, Việt Nam"
616,"31 Hải Thượng 31 Hải Thượng, phường 5 thành phố Đà Lạt, Đà Lạt, Việt Nam"
617,"193 Phan Đình Phùng, Đà Lạt, Việt Nam"
618,"14/2 Bui Thi Xuan , Da Lat City, Đà Lạt, Việt Nam"
619,"số 38 Khu An Phú House Phường 7 Thành phố Đà Lạt, Đà Lạt, Việt Nam"
620,"27 Vo Thi Sau, Đà Lạt, Việt Nam"
621,"200 Ngo Quyen Street, Đà Lạt, Việt Nam"
622,"78 Nguyên Tử Lực phuong 8 dalat, Đà Lạt, Việt Nam"
623,"10/5, Đường Ba Tháng Tư, Phường 3, Đà Lạt, Việt Nam"
624,"18 Đường Bùi Thị Xuân, Đà Lạt, Việt Nam"
625,"56/9 Hai Thuong, Đà Lạt, Việt Nam"
626,"B30 Hoang Van Thu Ward 4, Đà Lạt, Việt Nam"
627,"198 Đường P. Đ Thiên Vương, Đà Lạt, Việt Nam"
628,"40/6 Huyền Trân Công Chúa, phường 5, thành phố Đà Lạt, Đà Lạt, Việt Nam"
629,"1/30 Trần Nhân Tông, Đà Lạt, Việt Nam"
630,"Đường An Sơn L9 Khu QH An Sơn, phường 4, Đà Lạt, Việt Nam"
631,"Số 35 khu an Phú House Đường Cao Thắng phường 7 Thành Phố Đà lạt, Đà Lạt, Việt Nam"
632,"7/3 Hai Thuong  F5 Dalat, Lam Dong ,Viet Nam, Đà Lạt, Việt Nam"
633,"24 An Dương Vương 3, Đà Lạt, Việt Nam"
